,ETH-USD,BNB-USD,XRP-USD,SOL-USD,ADA-USD,DOT-USD,SHIB-USD,LTC-USD,AVAX-USD
ETH-USD,1.0,0.608655811636852,0.7216149621526248,0.8247058845959462,0.8722777845424032,0.8694857165515305,0.7137490278066407,0.5468195062043139,0.8618448295759502
BNB-USD,0.608655811636852,1.0,0.583364148732399,0.7430238339792901,0.6361895498033836,0.7104708835325249,0.5236786645522334,0.6246758012984804,0.6603223311217706
XRP-USD,0.7216149621526248,0.583364148732399,1.0,0.7640376551639211,0.8688418091798392,0.777462434006376,0.7270564967652685,0.7142271952779802,0.8104611229383899
SOL-USD,0.8247058845959462,0.7430238339792901,0.7640376551639211,1.0,0.8316644224490071,0.8543061424105205,0.642256648725414,0.6176336733710921,0.8336897067912751
ADA-USD,0.8722777845424032,0.6361895498033836,0.8688418091798392,0.8316644224490071,1.0,0.8976295353338399,0.743393003736124,0.7426483805815879,0.9354387543700842
DOT-USD,0.8694857165515305,0.7104708835325249,0.777462434006376,0.8543061424105205,0.8976295353338399,1.0,0.838554761285977,0.7258836205881686,0.9567861011279304
SHIB-USD,0.7137490278066407,0.5236786645522334,0.7270564967652685,0.642256648725414,0.743393003736124,0.838554761285977,1.0,0.6320166244311621,0.784879930357717
LTC-USD,0.5468195062043139,0.6246758012984804,0.7142271952779802,0.6176336733710921,0.7426483805815879,0.7258836205881686,0.6320166244311621,1.0,0.7329832674873437
AVAX-USD,0.8618448295759502,0.6603223311217706,0.8104611229383899,0.8336897067912751,0.9354387543700842,0.9567861011279304,0.784879930357717,0.7329832674873437,1.0
