,ETH-USD,BNB-USD,XRP-USD,SOL-USD,ADA-USD,DOT-USD,SHIB-USD,LTC-USD,AVAX-USD
ETH-USD,1.0,0.6186250429069606,0.7245713781074371,0.8265346473335593,0.8748805468284971,0.868330360170743,0.7155073462866965,0.5561253892920254,0.861982704503332
BNB-USD,0.6186250429069606,1.0,0.5917652727067712,0.7556680466959362,0.6520477921667485,0.7250983394222966,0.530337435837239,0.6425786923256563,0.6755578294253548
XRP-USD,0.7245713781074371,0.5917652727067712,1.0,0.762380191031276,0.8672129796576512,0.7734726913483299,0.7253930200290396,0.7146659715296366,0.8081969959989882
SOL-USD,0.8265346473335593,0.7556680466959362,0.762380191031276,1.0,0.8369510289722052,0.8611723587476207,0.6361495598813589,0.6284842768457718,0.8417785244521002
ADA-USD,0.8748805468284971,0.6520477921667485,0.8672129796576512,0.8369510289722052,1.0,0.8999490713965468,0.7375956902694695,0.7478119466051434,0.9379438541327605
DOT-USD,0.868330360170743,0.7250983394222966,0.7734726913483299,0.8611723587476207,0.8999490713965468,1.0,0.8263905195913069,0.7335883256402026,0.9592715183848552
SHIB-USD,0.7155073462866965,0.530337435837239,0.7253930200290396,0.6361495598813589,0.7375956902694695,0.8263905195913069,1.0,0.6243751943904461,0.7785862645561638
LTC-USD,0.5561253892920254,0.6425786923256563,0.7146659715296366,0.6284842768457718,0.7478119466051434,0.7335883256402026,0.6243751943904461,1.0,0.7430091203695521
AVAX-USD,0.861982704503332,0.6755578294253548,0.8081969959989882,0.8417785244521002,0.9379438541327605,0.9592715183848552,0.7785862645561638,0.7430091203695521,1.0
